[{"id": "index", "title": "index", "content": "# cross_paths\nquick example\n"}, {"id": "overview", "title": "overview", "content": "# Overview\nfilesystem operations and duplicate detection\n"}, {"id": "install", "title": "install", "content": "# Install\npip install cross_paths\n"}, {"id": "cli", "title": "cli", "content": "# CLI\nsafe removal and validation\n"}, {"id": "api", "title": "api", "content": "# API\npython import usage\n"}, {"id": "examples", "title": "examples", "content": "# Examples\nrmdupes-safe patterns\n"}, {"id": "changelog", "title": "changelog", "content": "# Changelog\nv13 safe duplicate removal\n"}]